[
{
  "pk": 1,
  "model": "events.functionalarea",
  "fields": {
    "color": "orange-1",
    "name": "Quality Assurance",
    "slug": "quality-assurance"
  }
},
{
  "pk": 2,
  "model": "events.functionalarea",
  "fields": {
    "color": "blue-1",
    "name": "Localization",
    "slug": "localization"
  }
},
{
  "pk": 3,
  "model": "events.functionalarea",
  "fields": {
    "color": "green-1",
    "name": "Accessibility",
    "slug": "accessibility"
  }
},
{
  "pk": 4,
  "model": "events.functionalarea",
  "fields": {
    "color": "red-1",
    "name": "l10n",
    "slug": "l10n"
  }
},
{
  "pk": 5,
  "model": "events.functionalarea",
  "fields": {
    "color": "purple-1",
    "name": "Mobile",
    "slug": "mobile"
  }
},
{
  "pk": 6,
  "model": "events.functionalarea",
  "fields": {
    "color": "gray-1",
    "name": "Hardware",
    "slug": "hardware"
  }
},
{
  "pk": 7,
  "model": "events.functionalarea",
  "fields": {
    "color": "gray-1",
    "name": "Video",
    "slug": "video"
  }
},
{
  "pk": 8,
  "model": "events.functionalarea",
  "fields": {
    "color": "gray-1",
    "name": "Firefox OS",
    "slug": "firefox-os"
  }
},
{
  "pk": 9,
  "model": "events.functionalarea",
  "fields": {
    "color": "gray-1",
    "name": "Development",
    "slug": "development"
  }
},
{
  "pk": 10,
  "model": "events.functionalarea",
  "fields": {
    "color": "gray-1",
    "name": "Security",
    "slug": "security"
  }
},
{
  "pk": 1,
  "model": "events.space",
  "fields": {
    "city": "Mountain View",
    "name": "Mountain View",
    "country": "us",
    "address2": "",
    "lon": -122.0609917,
    "postal_code": "94041",
    "address": "331 E. Evelyn Avenue",
    "lat": 37.3874349,
    "slug": "mountain-view",
    "photo": null
  }
},
{
  "pk": 2,
  "model": "events.space",
  "fields": {
    "city": "London",
    "name": "London",
    "country": "gb",
    "address2": "",
    "lon": -0.127497,
    "postal_code": "WC2N 4AZ",
    "address": "101 St Martin's Lane, 3rd Floor",
    "lat": 51.51045,
    "slug": "london",
    "photo": null
  }
},
{
  "pk": 3,
  "model": "events.space",
  "fields": {
    "city": "Paris",
    "name": "Paris",
    "country": "fr",
    "address2": "",
    "lon": 2.3411542,
    "postal_code": "75009",
    "address": "16 Bis Boulevard Montmartre",
    "lat": 48.8721388,
    "slug": "paris",
    "photo": null
  }
},
{
  "pk": 4,
  "model": "events.space",
  "fields": {
    "city": "Auckland",
    "name": "Auckland",
    "country": "us",
    "address2": "",
    "lon": 174.777106,
    "postal_code": "",
    "address": "",
    "lat": -36.866596,
    "slug": "auckland",
    "photo": null
  }
},
{
  "pk": 5,
  "model": "events.space",
  "fields": {
    "city": "Beijing",
    "name": "Beijing",
    "country": "cn",
    "address2": "",
    "lon": 116.43405,
    "postal_code": "",
    "address": "",
    "lat": 39.909901,
    "slug": "beijing",
    "photo": null
  }
},
{
  "pk": 6,
  "model": "events.space",
  "fields": {
    "city": "Berlin",
    "name": "Berlin",
    "country": "de",
    "address2": "",
    "lon": 13.418735,
    "postal_code": "",
    "address": "",
    "lat": 52.512408,
    "slug": "berlin",
    "photo": null
  }
},
{
  "pk": 7,
  "model": "events.space",
  "fields": {
    "city": "Portland",
    "name": "Portland",
    "country": "us",
    "address2": "",
    "lon": -122.6827999,
    "postal_code": "",
    "address": "",
    "lat": 45.5236536,
    "slug": "portland",
    "photo": null
  }
},
{
  "pk": 8,
  "model": "events.space",
  "fields": {
    "city": "San Francisco",
    "name": "San Francisco",
    "country": "us",
    "address2": "",
    "lon": -122.38889,
    "postal_code": "",
    "address": "",
    "lat": 37.78955,
    "slug": "san-francisco",
    "photo": null
  }
},
{
  "pk": 9,
  "model": "events.space",
  "fields": {
    "city": "Taipei",
    "name": "Taipei",
    "country": "tw",
    "address2": "",
    "lon": 121.56705,
    "postal_code": "",
    "address": "",
    "lat": 25.03265,
    "slug": "taipei",
    "photo": null
  }
},
{
  "pk": 10,
  "model": "events.space",
  "fields": {
    "city": "Tokyo",
    "name": "Tokyo",
    "country": "jp",
    "address2": "",
    "lon": 139.727765,
    "postal_code": "",
    "address": "",
    "lat": 35.665208,
    "slug": "tokyo",
    "photo": null
  }
},
{
  "pk": 11,
  "model": "events.space",
  "fields": {
    "city": "Toronto",
    "name": "Toronto",
    "country": "ca",
    "address2": "",
    "lon": -79.3943,
    "postal_code": "",
    "address": "",
    "lat": 43.64715,
    "slug": "toronto",
    "photo": null
  }
},
{
  "pk": 12,
  "model": "events.space",
  "fields": {
    "city": "Vancouver",
    "name": "Vancouver",
    "country": "ca",
    "address2": "",
    "lon": -123.1091763,
    "postal_code": "",
    "address": "",
    "lat": 49.2824945,
    "slug": "vancouver",
    "photo": null
  }
},
{
  "pk": 1,
  "model": "events.event",
  "fields": {
    "end": "2014-06-04T06:00:00",
    "description": "",
    "title": "Awesome Firefox presentation",
    "created": "2014-05-14T05:45:37",
    "space": 2,
    "modified": "2014-05-14T07:25:30",
    "start": "2014-06-04T03:00:00",
    "details": "",
    "slug": "awesome-firefox-presentation",
    "areas": [
      2
    ]
  }
},
{
  "pk": 2,
  "model": "events.event",
  "fields": {
    "end": "2014-05-14T17:00:00",
    "description": "",
    "title": "Global Game Jam Hackaton",
    "created": "2014-05-14T07:50:11",
    "space": 3,
    "modified": "2014-05-14T07:50:11",
    "start": "2014-05-14T15:00:00",
    "details": "",
    "slug": "global-game-jam-hackathon",
    "areas": [
      1,
      3
    ]
  }
},
{
  "pk": 3,
  "model": "events.event",
  "fields": {
    "end": "2014-10-12T17:00:00",
    "description": "",
    "title": "WebGL meetup",
    "created": "2014-05-14T07:50:11",
    "space": 1,
    "modified": "2014-05-14T07:50:11",
    "start": "2014-10-12T15:00:00",
    "details": "",
    "slug": "webgl-meetup",
    "areas": [
      4,
      5
    ]
  }
},
{
  "pk": 4,
  "model": "events.event",
  "fields": {
    "end": "2014-11-27T17:00:00",
    "description": "",
    "title": "Firefox enthusiasts",
    "created": "2014-05-14T07:50:11",
    "space": 2,
    "modified": "2014-05-14T07:50:11",
    "start": "2014-11-27T15:00:00",
    "details": "",
    "slug": "firefox-enthusiasts",
    "areas": [
      2,
      3
    ]
  }
},
{
  "pk": 5,
  "model": "events.event",
  "fields": {
    "end": "2014-12-01T17:00:00",
    "description": "",
    "title": "Ubuntu Party",
    "created": "2014-09-14T07:50:11",
    "space": 2,
    "modified": "2014-09-14T07:50:11",
    "start": "2014-12-01T15:00:00",
    "details": "",
    "slug": "ubuntu-party",
    "areas": [
      1,
      4
    ]
  }
},
{
  "pk": 6,
  "model": "events.event",
  "fields": {
    "end": "2014-11-12T17:00:00",
    "description": "",
    "title": "Training Session",
    "created": "2014-02-14T07:50:11",
    "space": 3,
    "modified": "2014-02-14T07:50:11",
    "start": "2014-11-12T15:00:00",
    "details": "",
    "slug": "training-session",
    "areas": [
      3
    ]
  }
},
{
  "pk": 7,
  "model": "events.event",
  "fields": {
    "end": "2014-06-19T19:00:00",
    "description": "",
    "title": "Next Gen JavaScript",
    "created": "2014-02-14T07:50:11",
    "space": 3,
    "modified": "2014-02-14T07:50:11",
    "start": "2014-06-19T14:00:00",
    "details": "",
    "slug": "next-gen-javascript",
    "areas": [
      5
    ]
  }
},
{
  "pk": 8,
  "model": "events.event",
  "fields": {
    "end": "2014-06-19T19:00:00",
    "description": "",
    "title": "Next Generation JavaScript",
    "created": "2014-02-14T07:50:11",
    "space": 3,
    "modified": "2014-02-14T07:50:11",
    "start": "2014-06-19T14:00:00",
    "details": "",
    "slug": "next-generation-javascript",
    "areas": [
      5
    ]
  }
},
{
  "pk": 9,
  "model": "events.event",
  "fields": {
    "end": "2014-06-24T19:00:00",
    "description": "",
    "title": "Duplicate Candidate",
    "created": "2014-02-14T07:50:11",
    "space": 1,
    "modified": "2014-02-14T07:50:11",
    "start": "2014-06-24T15:00:00",
    "details": "",
    "slug": "duplicate-candidate",
    "areas": [
      1
    ]
  }
},
{
  "pk": 10,
  "model": "events.event",
  "fields": {
    "end": "2014-06-24T17:00:00",
    "description": "",
    "title": "Duplicate Candidate",
    "created": "2014-02-14T07:50:11",
    "space": 1,
    "modified": "2014-02-14T07:50:11",
    "start": "2014-06-24T15:00:00",
    "details": "",
    "slug": "duplicate-candidate",
    "areas": [
      1
    ]
  }
},
{
  "pk": 11,
  "model": "events.event",
  "fields": {
    "end": "2014-06-24T17:00:00",
    "description": "",
    "title": "Duplicate Candidate",
    "created": "2014-02-14T07:50:11",
    "space": 1,
    "modified": "2014-02-14T07:50:11",
    "start": "2014-06-24T15:00:00",
    "details": "",
    "slug": "duplicate-candidate",
    "areas": [
      1
    ]
  }
},
{
  "pk": 12,
  "model": "events.event",
  "fields": {
    "end": "2014-07-24T12:00:00",
    "description": "",
    "title": "Bugzilla Development Meeting",
    "created": "2014-02-14T07:50:11",
    "space": 2,
    "modified": "2014-02-14T07:50:11",
    "start": "2014-07-24T10:00:00",
    "details": "",
    "slug": "bugzilla-development-meeting",
    "areas": [
      1,
      2,
      3
    ]
  }
},
{
  "pk": 13,
  "model": "events.event",
  "fields": {
    "end": "2014-05-23T12:00:00",
    "description": "",
    "title": "Webmaker Demos May 23",
    "created": "2014-02-14T07:50:11",
    "space": 3,
    "modified": "2014-02-14T07:50:11",
    "start": "2014-05-23T10:00:00",
    "details": "",
    "slug": "webmaker-demos-may-23",
    "areas": [
      3
    ]
  }
},
{
  "pk": 14,
  "model": "events.event",
  "fields": {
    "end": "2014-05-16T12:00:00",
    "description": "",
    "title": "Webmaker Demos May 16",
    "created": "2014-02-14T07:50:11",
    "space": 3,
    "modified": "2014-02-14T07:50:11",
    "start": "2014-05-16T10:00:00",
    "details": "",
    "slug": "webmaker-demos-may-16",
    "areas": [
      3
    ]
  }
},
{
  "pk": 15,
  "model": "events.event",
  "fields": {
    "end": "2014-05-09T12:00:00",
    "description": "",
    "title": "Webmaker Demos May 09",
    "created": "2014-02-14T07:50:11",
    "space": 3,
    "modified": "2014-02-14T07:50:11",
    "start": "2014-05-09T10:00:00",
    "details": "",
    "slug": "webmaker-demos-may-09",
    "areas": [
      3
    ]
  }
},
{
  "pk": 16,
  "model": "events.event",
  "fields": {
    "end": "2014-06-21T19:00:00",
    "description": "",
    "title": "The Web We Want",
    "created": "2014-02-14T07:50:11",
    "space": 1,
    "modified": "2014-06-04T04:23:36",
    "start": "2014-06-21T15:00:00",
    "details": "",
    "slug": "the-web-we-want",
    "areas": [
      1,
      3
    ]
  }
},
{
  "pk": 17,
  "model": "events.event",
  "fields": {
    "end": "2014-06-21T17:00:00",
    "description": "",
    "title": "Engineering Meeting",
    "created": "2014-02-14T07:50:11",
    "space": 1,
    "modified": "2014-02-14T07:50:11",
    "start": "2014-06-21T15:00:00",
    "details": "",
    "slug": "engineering-meeting",
    "areas": [
      1
    ]
  }
},
{
  "pk": 18,
  "model": "events.event",
  "fields": {
    "end": "2014-06-21T17:00:00",
    "description": "",
    "title": "Australis - The Journey",
    "created": "2014-02-14T07:50:11",
    "space": 1,
    "modified": "2014-02-14T07:50:11",
    "start": "2014-06-21T15:00:00",
    "details": "",
    "slug": "australis-the-journey",
    "areas": [
      1
    ]
  }
},
{
  "pk": 19,
  "model": "events.event",
  "fields": {
    "end": "2014-06-21T19:00:00",
    "description": "",
    "title": "Mozilla as a Maker - Building Hardware",
    "created": "2014-02-14T07:50:11",
    "space": 1,
    "modified": "2014-06-04T04:24:40",
    "start": "2014-06-21T15:00:00",
    "details": "",
    "slug": "mozilla-as-a-maker-building-hardware",
    "areas": [
      6
    ]
  }
},
{
  "pk": 20,
  "model": "events.event",
  "fields": {
    "end": "2014-06-21T17:00:00",
    "description": "",
    "title": "Macaroons: Cookies with Contextual Caveats for Decentralized Authorization in the Cloud",
    "created": "2014-02-14T07:50:11",
    "space": 1,
    "modified": "2014-02-14T07:50:11",
    "start": "2014-06-21T15:00:00",
    "details": "",
    "slug": "macaroons-cookies-with-contextual-caveats-for-decentralized-authorization-in-the-cloud",
    "areas": [
      1
    ]
  }
},
{
  "pk": 21,
  "model": "events.event",
  "fields": {
    "end": "2014-06-13T17:00:00",
    "description": "",
    "title": "JavaScript Promises",
    "created": "2014-02-14T07:50:11",
    "space": 1,
    "modified": "2014-02-14T07:50:11",
    "start": "2014-06-13T15:00:00",
    "details": "",
    "slug": "javascript-promises",
    "areas": [
      1
    ]
  }
},
{
  "pk": 22,
  "model": "events.event",
  "fields": {
    "end": "2014-05-20T17:00:00",
    "description": "",
    "title": "Graph Toronto Meetup May 2014",
    "created": "2014-02-14T07:50:11",
    "space": 1,
    "modified": "2014-02-14T07:50:11",
    "start": "2014-05-19T15:00:00",
    "details": "",
    "slug": "graph-toronto-meetup-may-2014",
    "areas": [
      1
    ]
  }
},
{
  "pk": 23,
  "model": "events.event",
  "fields": {
    "end": "2014-06-01T07:00:00",
    "description": "",
    "title": "June Event",
    "created": "2014-06-04T07:01:04",
    "space": 1,
    "modified": "2014-06-04T07:01:04",
    "start": "2014-06-01T07:00:00",
    "details": "",
    "slug": "june-event",
    "areas": [
      6
    ]
  }
},
{
  "pk": 24,
  "model": "events.event",
  "fields": {
    "end": "2014-06-09T19:15:00",
    "description": "",
    "title": "Monday Event",
    "created": "2014-06-04T07:01:56",
    "space": 3,
    "modified": "2014-06-04T07:01:56",
    "start": "2014-06-09T15:45:00",
    "details": "",
    "slug": "monday-event",
    "areas": [
      2,
      3
    ]
  }
},
{
  "pk": 25,
  "model": "events.event",
  "fields": {
    "end": "2014-06-30T15:00:00",
    "description": "",
    "title": "Last Event of June",
    "created": "2014-06-04T07:02:37",
    "space": 4,
    "modified": "2014-06-04T07:02:37",
    "start": "2014-06-25T07:00:00",
    "details": "",
    "slug": "last-event-of-june",
    "areas": [
      4
    ]
  }
},
{
  "pk": 26,
  "model": "events.event",
  "fields": {
    "end": "2014-06-06T19:00:00",
    "description": "",
    "title": "Grid Event One",
    "created": "2014-06-04T07:04:53",
    "space": 1,
    "modified": "2014-06-04T07:04:53",
    "start": "2014-06-06T17:00:00",
    "details": "",
    "slug": "grid-event-one",
    "areas": [
      2
    ]
  }
},
{
  "pk": 27,
  "model": "events.event",
  "fields": {
    "end": "2014-06-06T19:00:00",
    "description": "",
    "title": "Grid Event Two",
    "created": "2014-06-04T07:04:53",
    "space": 1,
    "modified": "2014-06-04T07:04:53",
    "start": "2014-06-06T17:00:00",
    "details": "",
    "slug": "grid-event-two",
    "areas": [
      2
    ]
  }
},
{
  "pk": 28,
  "model": "events.event",
  "fields": {
    "end": "2014-06-06T19:00:00",
    "description": "",
    "title": "Grid Event Three",
    "created": "2014-06-04T07:04:53",
    "space": 1,
    "modified": "2014-06-04T07:04:53",
    "start": "2014-06-06T17:00:00",
    "details": "",
    "slug": "grid-event-three",
    "areas": [
      2
    ]
  }
},
{
  "pk": 29,
  "model": "events.event",
  "fields": {
    "end": "2014-06-06T19:00:00",
    "description": "",
    "title": "Grid Event Four",
    "created": "2014-06-04T07:04:53",
    "space": 1,
    "modified": "2014-06-04T07:04:53",
    "start": "2014-06-06T17:00:00",
    "details": "",
    "slug": "grid-event-four",
    "areas": [
      2
    ]
  }
},
{
  "pk": 30,
  "model": "events.event",
  "fields": {
    "end": "2014-06-06T19:00:00",
    "description": "",
    "title": "Grid Event Five",
    "created": "2014-06-04T07:04:53",
    "space": 1,
    "modified": "2014-06-04T07:04:53",
    "start": "2014-06-06T17:00:00",
    "details": "",
    "slug": "grid-event-five",
    "areas": [
      2
    ]
  }
},
{
  "pk": 31,
  "model": "events.event",
  "fields": {
    "end": "2014-06-06T19:00:00",
    "description": "",
    "title": "Grid Event Six",
    "created": "2014-06-04T07:04:53",
    "space": 1,
    "modified": "2014-06-04T07:04:53",
    "start": "2014-06-06T17:00:00",
    "details": "",
    "slug": "grid-event-six",
    "areas": [
      2
    ]
  }
},
{
  "pk": 32,
  "model": "events.event",
  "fields": {
    "end": "2014-06-06T19:00:00",
    "description": "",
    "title": "Grid Event Seven",
    "created": "2014-06-04T07:04:53",
    "space": 1,
    "modified": "2014-06-04T07:04:53",
    "start": "2014-06-06T17:00:00",
    "details": "",
    "slug": "grid-event-seven",
    "areas": [
      2
    ]
  }
},
{
  "pk": 33,
  "model": "events.event",
  "fields": {
    "end": "2014-06-06T19:00:00",
    "description": "",
    "title": "Grid Event Eight",
    "created": "2014-06-04T07:04:53",
    "space": 1,
    "modified": "2014-06-04T07:04:53",
    "start": "2014-06-06T17:00:00",
    "details": "",
    "slug": "grid-event-eight",
    "areas": [
      2
    ]
  }
}
]
